{"cameraMode":{"drawMode":0,"name":"Shaded","section":"Shading Mode"},"sceneLighting":false,"audioPlay":false,"sceneViewState":{"m_AlwaysRefresh":false,"showFog":true,"showSkybox":false,"showFlares":true,"showImageEffects":true,"showParticleSystems":true,"showVisualEffectGraphs":true,"m_FxEnabled":true},"in2DMode":false,"pivot":{"x":-26.09834098815918,"y":5.3978447914123539,"z":18.035045623779298},"rotation":{"x":0.026306260377168657,"y":0.6888414025306702,"z":-0.025019623339176179,"w":0.7240321636199951},"size":3.6000170707702638,"orthographic":false}