{"cameraMode":{"drawMode":0,"name":"Shaded","section":"Shading Mode"},"sceneLighting":true,"audioPlay":false,"sceneViewState":{"m_AlwaysRefresh":false,"showFog":true,"showSkybox":true,"showFlares":true,"showImageEffects":true,"showParticleSystems":true,"showVisualEffectGraphs":true,"m_FxEnabled":true},"in2DMode":false,"pivot":{"x":24.230756759643556,"y":19.634258270263673,"z":-10.365530014038086},"rotation":{"x":0.34272336959838869,"y":0.0028186836279928686,"z":-0.001015384099446237,"w":0.9394431114196777},"size":9.592124938964844,"orthographic":false}